"Discount","Avg_Profit"
"0,0","66.39704043351396"
"0,1","95.6063829787234"
"0,2","24.381774063089782"
"0,3","-49.8503937007874"
"0,4","-111.55825242718447"
"0,5","-298.1948051948052"
"0,6","-42.528985507246375"
"0,7","-95.32775119617224"
"0,8","-101.29"
